name,output,flag,username,timestamp
,,,,2024-03-31 02:04:54.274829
,,,,,2024-03-31 02:39:31.218623
,,,,,2024-03-31 13:47:08.756012
,,,,,2024-03-31 13:47:10.564329
md,mdd,Adding documents for question 'mdd' from URLs: md,,,2024-03-31 14:15:48.008635
hshs,hshs,"['This is Working', 'This is Working', 'This is Working', 'This is Working']",,,2024-03-31 14:38:57.059835
hshs,"hshs,hsgss","['This is Working', 'This is Working', 'This is Working', 'This is Working']",,,2024-03-31 14:39:47.407297
hshs,"hshs,hsgss","['This is Working', 'This is Working', 'This is Working', 'This is Working']",,,2024-03-31 14:39:48.478064
hshs,"hshs,hsgss","['This is Working', 'This is Working', 'This is Working', 'This is Working']",,,2024-03-31 14:39:49.611193
hshs,"hshs,hsgss","['This is Working', 'This is Working', 'This is Working', 'This is Working']",,,2024-03-31 14:39:51.475772
hshs,"hshs,hsgss","['This is Working', 'This is Working', 'This is Working', 'This is Working']",,,2024-03-31 14:39:52.625090
hshs,"hshs,hsgss","['This is Working', 'This is Working', 'This is Working', 'This is Working']",,,2024-03-31 14:39:52.844984
hshs,"hshs,hsgss","['This is Working', 'This is Working', 'This is Working', 'This is Working']",,,2024-03-31 14:39:53.060006
hshs,"hshs,hsgss","['This is Working', 'This is Working', 'This is Working', 'This is Working']",,,2024-03-31 14:39:53.276678
hshs,"hshs,hsgss","['This is Working', 'This is Working', 'This is Working', 'This is Working']",,,2024-03-31 14:39:54.293070
hshs,"hshs,hsgss","['This is Working', 'This is Working', 'This is Working', 'This is Working']",,,2024-03-31 14:39:57.510322
hsh,"hshs,hsgss","['This is Working', 'This is Working', 'This is Working']",,,2024-03-31 14:39:59.562689
hsh,"hshs,hsgss","['This is Working', 'This is Working', 'This is Working']",,,2024-03-31 14:40:56.129026
Hello,"Hi,hi","['This is Working', 'This is Working']",,,2024-03-31 14:41:24.943804
hi,hsh,This is Working,,,2024-03-31 14:45:30.995653
hi,"hsh,ksksk","This is Working-
This is Working",,,2024-03-31 14:45:36.442331
,"helo,ksks","Date --> 0 
 Answer
Date --> 1 
 Answer",,,2024-03-31 16:00:02.130656
What are our product design decisions?,http://localhost:8000/call_log_20240314_104111.txt,"Date: What are our product design decisions?

Question:
http://localhost:8000/call_log_20240314_104111.txt

Answers:
The API call answer",,,2024-04-01 13:21:22.068548
What are our product design decisions?,mm,"Date: What are our product design decisions?

Question:
mm

Answers:
The API call answer",,,2024-04-01 14:07:25.067896
Question: What are our product design decisions?,"http://localhost:8000/call_log_20240314_104111.txt,http://localhost:8000/call_log_20240316_104111.txt,http://localhost:8000/call_log_20240315_104111.txt",,,,2024-04-01 15:12:31.037253
2024-03-14,,,,,2024-04-01 17:17:08.842503
2024-03-14,,,,,2024-04-01 17:17:44.908809
2024-03-14,,,,,2024-04-01 17:18:58.942543
2024-03-14,,"The facts at the end of the day 2024-03-14 are below:
 
The team decided to use a modular design for the product
The team suggested using a responsive design
The team considered using websockets
The team proposed a dark theme for the user interface",,,2024-04-01 17:19:37.060105
2024-03-14,,,,,2024-04-01 17:21:03.639465
2024-03-14,,"The facts at the end of the day 2024-03-14 are below:
 
The team decided to use a modular design for the product
The team suggested using a responsive design
The team considered using websockets
The team proposed a dark theme for the user interface",,,2024-04-01 17:21:10.007586
2024-03-14,,"The facts at the end of the day 2024-03-14 are below:
 
The team decided to use a modular design for the product
The team suggested using a responsive design
The team considered using websockets
The team proposed a dark theme for the user interface",,,2024-04-01 17:21:53.842689
2024-03-14,,"The facts at the end of the day 2024-03-14 are below:
 
The team decided to use a modular design for the product
The team suggested using a responsive design
The team considered using websockets
The team proposed a dark theme for the user interface",,,2024-04-01 17:23:56.243666
2024-03-14,What are our product design decisions?,"The facts at the end of the day 2024-03-14 are below:
 
The team decided to use a modular design for the product
The team suggested using a responsive design
The team considered using websockets
The team proposed a dark theme for the user interface",,,2024-04-01 17:25:11.674352
2024-03-17,What are our product design decisions?,The given date is not in range,,,2024-04-01 17:31:02.237103
2024-03-16,What are our product design decisions?,"The facts at the end of the day 2024-03-16 are below:
 
The team decided to use a modular design for the product
The team suggested focusing on desktop design for responsiveness
The team proposed a dark theme for the user interface
An alternative light theme was suggested",,,2024-04-01 17:31:07.256451
2024-03-16,What are our product design decisions?,"The facts at the end of the day 2024-03-16 are below:
 
The team decided to use a modular design for the product
The team suggested focusing on desktop design for responsiveness
The team proposed a dark theme for the user interface
An alternative light theme was suggested",,,2024-04-01 17:48:37.034563
2024-03-16,What are our product design decisions?,"The facts at the end of the day 2024-03-16 are below:
 
The team decided to use a modular design for the product
The team suggested focusing on desktop design for responsiveness
The team proposed a dark theme for the user interface
An alternative light theme was suggested",,,2024-04-01 17:49:21.534073
2024-03-14,What are our product design decisions?,"The facts at the end of the day 2024-03-14 are below:
 
The team decided to use a modular design for the product
The team suggested using a responsive design
The team considered using websockets
The team proposed a dark theme for the user interface",,,2024-04-01 17:50:04.136407
2024-03-14,What are our product design decisions?,"The facts at the end of the day 2024-03-14 are below:
 
The team decided to use a modular design for the product
The team suggested using a responsive design
The team considered using websockets
The team proposed a dark theme for the user interface",,,2024-04-01 17:52:51.633775
2024-03-14,What are our product design decisions?,"The facts at the end of the day 2024-03-14 are below:
 
The team decided to use a modular design for the product
The team suggested using a responsive design
The team considered using websockets
The team proposed a dark theme for the user interface",,,2024-04-01 17:55:49.165526
2024-03-14,What are our product design decisions?,"The facts at the end of the day 2024-03-14 are below:
 
The team decided to use a modular design for the product
The team suggested using a responsive design
The team considered using websockets
The team proposed a dark theme for the user interface",,,2024-04-01 17:55:49.885348
2024-03-14,What are our product design decisions?,"The facts at the end of the day 2024-03-14 are below:
 
The team has decided to go with a modular design for the product.
Sara suggested using a responsive design.
John proposed using a dark theme for the user interface.
Mike suggested using websockets but the team decided to hold off on it.",,,2024-04-02 00:30:15.339280
2024-03-16,,"The facts at the end of the day 2024-03-16 are below:
 
Team members decided to focus on desktop design first, prioritizing the needs of their primary users.",,,2024-04-02 12:18:32.973025
2024-03-17,,The given date is not in range,,,2024-04-02 12:18:45.523360
2024-03-17,,The given date is not in range,,,2024-04-02 12:40:29.303662
2024-03-17,,The given date is not in range,,,2024-04-02 12:42:37.783300
2024-03-16,,The given date is not in range,,,2024-04-02 12:42:46.802038
2024-03-16,,The given date is not in range,,,2024-04-02 12:42:47.967211
2024-03-16,What are decision made in regards to the design?,"The facts at the end of the day 2024-03-16 are below:
 
Team members decided to focus on desktop design first, prioritizing the needs of their primary users.",,,2024-04-02 12:42:53.301551
2024-03-17,What are decision made in regards to the design?,The given date is not in range,,,2024-04-02 12:42:58.817759
2024-03-16,What are the major decisions taken?,"The facts at the end of the day 2024-03-16 are below:
 
The team decided to focus on desktop first for the responsive design.
John suggested this approach and Sara and Mike agreed.",,,2024-04-02 12:52:15.564015
2024-03-16,What are the major decisions taken ,"The facts at the end of the day 2024-03-16 are below:
 
The team decided to prioritize desktop design first.
John suggested focusing on desktop design to better cater to primary users, and Sara and Mike agreed.",,,2024-04-02 13:49:47.711187
2024-03-16,What are the major decisions taken by the team?,"The facts at the end of the day 2024-03-16 are below:
 
John suggested focusing on desktop design first instead of responsive design.
The team agreed with this change.",,,2024-04-02 16:18:07.209553
[],"What are the decision made on product, by the team?",The given date is not in range,,,2024-04-02 20:18:27.580487
[],"What are the decision made on product, by the team?",The given date is not in range,,,2024-04-02 20:18:29.392681
